tea_id,name,absolute_url
057829,A+ Academy,/districts/a-academy/
101871,A+ Unlimited Potential,/districts/a-unlimited-potential/
057816,AW Brown-Fellowship Leadership Academy,/districts/aw-brown-fellowship-leadership-academy/
109901,Abbott ISD,/districts/abbott-isd/
095901,Abernathy ISD,/districts/abernathy-isd/
221901,Abilene ISD,/districts/abilene-isd/
014901,Academy ISD,/districts/academy-isd/
101810,Academy Of Accelerated Learning Inc,/districts/academy-of-accelerated-learning-inc/
057810,Academy Of Dallas,/districts/academy-of-dallas/
101849,Accelerated Intermediate Academy,/districts/accelerated-intermediate-academy/
180903,Adrian ISD,/districts/adrian-isd/
178901,Agua Dulce ISD,/districts/agua-dulce-isd/
015901,Alamo Heights ISD,/districts/alamo-heights-isd/
250906,Alba-Golden ISD,/districts/alba-golden-isd/
209901,Albany ISD,/districts/albany-isd/
101902,Aldine ISD,/districts/aldine-isd/
184907,Aledo ISD,/districts/aledo-isd/
125901,Alice ISD,/districts/alice-isd/
101903,Alief ISD,/districts/alief-isd/
101815,Alief Montessori Community School,/districts/alief-montessori-community-school/
043901,Allen ISD,/districts/allen-isd/
057832,Alpha Charter School,/districts/alpha-charter-school/
022901,Alpine ISD,/districts/alpine-isd/
037901,Alto ISD,/districts/alto-isd/
126901,Alvarado ISD,/districts/alvarado-isd/
020901,Alvin ISD,/districts/alvin-isd/
249901,Alvord ISD,/districts/alvord-isd/
188901,Amarillo ISD,/districts/amarillo-isd/
084804,Ambassadors Preparatory Academy,/districts/ambassadors-preparatory-academy/
140901,Amherst ISD,/districts/amherst-isd/
101819,Amigos Por Vida-Friends For Life Public Charter School,/districts/amigos-por-vida-friends-for-life-public-charter-school/
036901,Anahuac ISD,/districts/anahuac-isd/
093901,Anderson-Shiro CISD,/districts/anderson-shiro-cisd/
002901,Andrews ISD,/districts/andrews-isd/
020902,Angleton ISD,/districts/angleton-isd/
043902,Anna ISD,/districts/anna-isd/
127901,Anson ISD,/districts/anson-isd/
071906,Anthony ISD,/districts/anthony-isd/
110901,Anton ISD,/districts/anton-isd/
228905,Apple Springs ISD,/districts/apple-springs-isd/
109912,Aquilla ISD,/districts/aquilla-isd/
004901,Aransas County ISD,/districts/aransas-county-isd/
205901,Aransas Pass ISD,/districts/aransas-pass-isd/
005901,Archer City ISD,/districts/archer-city-isd/
061910,Argyle ISD,/districts/argyle-isd/
220802,Arlington Classics Academy,/districts/arlington-classics-academy/
220901,Arlington ISD,/districts/arlington-isd/
212901,Arp ISD,/districts/arp-isd/
021805,Arrow Academy,/districts/arrow-academy/
217901,Aspermont ISD,/districts/aspermont-isd/
107901,Athens ISD,/districts/athens-isd/
034901,Atlanta ISD,/districts/atlanta-isd/
061907,Aubrey ISD,/districts/aubrey-isd/
227825,Austin Achieve Public Schools,/districts/austin-achieve-public-schools/
227821,Austin Discovery School,/districts/austin-discovery-school/
227901,Austin ISD,/districts/austin-isd/
196901,Austwell-Tivoli ISD,/districts/austwell-tivoli-isd/
070901,Avalon ISD,/districts/avalon-isd/
194902,Avery ISD,/districts/avery-isd/
034902,Avinger ISD,/districts/avinger-isd/
161918,Axtell ISD,/districts/axtell-isd/
220915,Azle ISD,/districts/azle-isd/
030903,Baird ISD,/districts/baird-isd/
200901,Ballinger ISD,/districts/ballinger-isd/
195902,Balmorhea ISD,/districts/balmorhea-isd/
010902,Bandera ISD,/districts/bandera-isd/
025901,Bangs ISD,/districts/bangs-isd/
178913,Banquete ISD,/districts/banquete-isd/
036902,Barbers Hill ISD,/districts/barbers-hill-isd/
014902,Bartlett ISD,/districts/bartlett-isd/
015834,Basis San Antonio,/districts/basis-san-antonio/
011901,Bastrop ISD,/districts/bastrop-isd/
158901,Bay City ISD,/districts/bay-city-isd/
101847,Beatrice Mayes Institute Charter School,/districts/beatrice-mayes-institute-charter-school/
123910,Beaumont ISD,/districts/beaumont-isd/
183901,Beckville ISD,/districts/beckville-isd/
013901,Beeville ISD,/districts/beeville-isd/
039904,Bellevue ISD,/districts/bellevue-isd/
091901,Bells ISD,/districts/bells-isd/
008901,Bellville ISD,/districts/bellville-isd/
014903,Belton ISD,/districts/belton-isd/
125902,Ben Bolt-Palito Blanco ISD,/districts/ben-bolt-palito-blanco-isd/
066901,Benavides ISD,/districts/benavides-isd/
138904,Benjamin ISD,/districts/benjamin-isd/
101870,Beta Academy,/districts/beta-academy/
015809,Bexar County Academy,/districts/bexar-county-academy/
187901,Big Sandy ISD,/districts/big-sandy-isd-polk/
230901,Big Sandy ISD,/districts/big-sandy-isd-upshur/
114901,Big Spring ISD,/districts/big-spring-isd/
193801,Big Springs Charter School,/districts/big-springs-charter-school/
220902,Birdville ISD,/districts/birdville-isd/
178902,Bishop CISD,/districts/bishop-cisd/
177903,Blackwell CISD,/districts/blackwell-cisd/
016902,Blanco ISD,/districts/blanco-isd/
116915,Bland ISD,/districts/bland-isd/
025904,Blanket ISD,/districts/blanket-isd/
034909,Bloomburg ISD,/districts/bloomburg-isd/
175902,Blooming Grove ISD,/districts/blooming-grove-isd/
235901,Bloomington ISD,/districts/bloomington-isd/
043917,Blue Ridge ISD,/districts/blue-ridge-isd/
072904,Bluff Dale ISD,/districts/bluff-dale-isd/
109913,Blum ISD,/districts/blum-isd/
123807,Bob Hope School,/districts/bob-hope-school/
130901,Boerne ISD,/districts/boerne-isd/
116916,Boles ISD,/districts/boles-isd/
241901,Boling ISD,/districts/boling-isd/
074903,Bonham ISD,/districts/bonham-isd/
148901,Booker ISD,/districts/booker-isd/
017901,Borden County ISD,/districts/borden-county-isd/
117901,Borger ISD,/districts/borger-isd/
161923,Bosqueville ISD,/districts/bosqueville-isd/
185901,Bovina ISD,/districts/bovina-isd/
169901,Bowie ISD,/districts/bowie-isd/
249902,Boyd ISD,/districts/boyd-isd/
180901,Boys Ranch ISD,/districts/boys-ranch-isd/
136901,Brackett ISD,/districts/brackett-isd/
160901,Brady ISD,/districts/brady-isd/
008903,Brazos ISD,/districts/brazos-isd/
213801,Brazos River Charter School,/districts/brazos-river-charter-school/
021803,Brazos School For Inquiry & Creativity,/districts/brazos-school-for-inquiry-creativity/
020905,Brazosport ISD,/districts/brazosport-isd/
215901,Breckenridge ISD,/districts/breckenridge-isd/
198901,Bremond ISD,/districts/bremond-isd/
239901,Brenham ISD,/districts/brenham-isd/
181901,Bridge City ISD,/districts/bridge-city-isd/
249903,Bridgeport ISD,/districts/bridgeport-isd/
203902,Broaddus ISD,/districts/broaddus-isd/
184909,Brock ISD,/districts/brock-isd/
041901,Bronte ISD,/districts/bronte-isd/
121902,Brookeland ISD,/districts/brookeland-isd/
025908,Brookesmith ISD,/districts/brookesmith-isd/
015830,Brooks Academy Of Science And Engineering,/districts/brooks-academy-of-science-and-engineering/
024901,Brooks County ISD,/districts/brooks-county-isd/
223901,Brownfield ISD,/districts/brownfield-isd/
107902,Brownsboro ISD,/districts/brownsboro-isd/
031901,Brownsville ISD,/districts/brownsville-isd/
025902,Brownwood ISD,/districts/brownwood-isd/
161919,Bruceville-Eddy ISD,/districts/bruceville-eddy-isd/
021902,Bryan ISD,/districts/bryan-isd/
119901,Bryson ISD,/districts/bryson-isd/
166907,Buckholts ISD,/districts/buckholts-isd/
186901,Buena Vista ISD,/districts/buena-vista-isd/
145901,Buffalo ISD,/districts/buffalo-isd/
212902,Bullard ISD,/districts/bullard-isd/
121903,Buna ISD,/districts/buna-isd/
243901,Burkburnett ISD,/districts/burkburnett-isd/
176901,Burkeville ISD,/districts/burkeville-isd/
126902,Burleson ISD,/districts/burleson-isd/
027903,Burnet CISD,/districts/burnet-cisd/
071801,Burnham Wood Charter School District,/districts/burnham-wood-charter-school-district/
239903,Burton ISD,/districts/burton-isd/
188904,Bushland ISD,/districts/bushland-isd/
109902,Bynum ISD,/districts/bynum-isd/
101869,C O R E Academy,/districts/c-o-r-e-academy/
116901,Caddo Mills ISD,/districts/caddo-mills-isd/
178903,Calallen ISD,/districts/calallen-isd/
026901,Caldwell ISD,/districts/caldwell-isd/
029901,Calhoun County ISD,/districts/calhoun-county-isd/
049905,Callisburg ISD,/districts/callisburg-isd/
198902,Calvert ISD,/districts/calvert-isd/
101837,Calvin Nelms Charter Schools,/districts/calvin-nelms-charter-schools/
166901,Cameron ISD,/districts/cameron-isd/
116910,Campbell ISD,/districts/campbell-isd/
106901,Canadian ISD,/districts/canadian-isd/
234902,Canton ISD,/districts/canton-isd/
071907,Canutillo ISD,/districts/canutillo-isd/
191901,Canyon ISD,/districts/canyon-isd/
201913,Carlisle ISD,/districts/carlisle-isd/
015837,Carpe Diem Schools,/districts/carpe-diem-schools/
064903,Carrizo Springs CISD,/districts/carrizo-springs-cisd/
220919,Carroll ISD,/districts/carroll-isd/
057903,Carrollton-Farmers Branch ISD,/districts/carrollton-farmers-branch-isd/
183902,Carthage ISD,/districts/carthage-isd/
220917,Castleberry ISD,/districts/castleberry-isd/
001902,Cayuga ISD,/districts/cayuga-isd/
057904,Cedar Hill ISD,/districts/cedar-hill-isd/
227817,Cedars International Academy,/districts/cedars-international-academy/
116902,Celeste ISD,/districts/celeste-isd/
043903,Celina ISD,/districts/celina-isd/
210901,Center ISD,/districts/center-isd/
133901,Center Point ISD,/districts/center-point-isd/
228904,Centerville ISD,/districts/centerville-isd-trinity/
145902,Centerville ISD,/districts/centerville-isd-leon/
174908,Central Heights ISD,/districts/central-heights-isd/
003907,Central ISD,/districts/central-isd/
101905,Channelview ISD,/districts/channelview-isd/
103901,Channing ISD,/districts/channing-isd/
220815,Chapel Hill Academy,/districts/chapel-hill-academy/
212909,Chapel Hill ISD,/districts/chapel-hill-isd-smith/
225906,Chapel Hill ISD,/districts/chapel-hill-isd-titus/
007901,Charlotte ISD,/districts/charlotte-isd/
206903,Cherokee ISD,/districts/cherokee-isd/
229906,Chester ISD,/districts/chester-isd/
249904,Chico ISD,/districts/chico-isd/
038901,Childress ISD,/districts/childress-isd/
099902,Chillicothe ISD,/districts/chillicothe-isd/
073901,Chilton ISD,/districts/chilton-isd/
161920,China Spring ISD,/districts/china-spring-isd/
174901,Chireno ISD,/districts/chireno-isd/
139905,Chisum ISD,/districts/chisum-isd/
226901,Christoval ISD,/districts/christoval-isd/
067902,Cisco ISD,/districts/cisco-isd/
243906,City View ISD,/districts/city-view-isd/
065901,Clarendon ISD,/districts/clarendon-isd/
194904,Clarksville ISD,/districts/clarksville-isd/
006902,Claude ISD,/districts/claude-isd/
084910,Clear Creek ISD,/districts/clear-creek-isd/
126903,Cleburne ISD,/districts/cleburne-isd/
146901,Cleveland ISD,/districts/cleveland-isd/
018901,Clifton ISD,/districts/clifton-isd/
071901,Clint ISD,/districts/clint-isd/
030902,Clyde CISD,/districts/clyde-cisd/
114902,Coahoma ISD,/districts/coahoma-isd/
204901,Coldspring-Oakhurst CISD,/districts/coldspring-oakhurst-cisd/
042901,Coleman ISD,/districts/coleman-isd/
021901,College Station ISD,/districts/college-station-isd/
091902,Collinsville ISD,/districts/collinsville-isd/
229901,Colmesneil ISD,/districts/colmesneil-isd/
168901,Colorado ISD,/districts/colorado-isd/
020907,Columbia-Brazoria ISD,/districts/columbia-brazoria-isd/
045902,Columbus ISD,/districts/columbus-isd/
046902,Comal ISD,/districts/comal-isd/
047901,Comanche ISD,/districts/comanche-isd/
130902,Comfort ISD,/districts/comfort-isd/
116903,Commerce ISD,/districts/commerce-isd/
043918,Community ISD,/districts/community-isd/
112908,Como-Pickton CISD,/districts/como-pickton-cisd/
068802,Compass Academy Charter School,/districts/compass-academy-charter-school/
101842,Comquest Academy,/districts/comquest-academy/
233903,Comstock ISD,/districts/comstock-isd/
161921,Connally ISD,/districts/connally-isd/
170902,Conroe ISD,/districts/conroe-isd/
147901,Coolidge ISD,/districts/coolidge-isd/
060902,Cooper ISD,/districts/cooper-isd/
057922,Coppell ISD,/districts/coppell-isd/
050910,Copperas Cove ISD,/districts/copperas-cove-isd/
178904,Corpus Christi ISD,/districts/corpus-christi-isd/
178807,Corpus Christi Montessori School,/districts/corpus-christi-montessori-school/
187904,Corrigan-Camden ISD,/districts/corrigan-camden-isd/
175903,Corsicana ISD,/districts/corsicana-isd/
095902,Cotton Center ISD,/districts/cotton-center-isd/
142901,Cotulla ISD,/districts/cotulla-isd/
246914,Coupland ISD,/districts/coupland-isd/
109903,Covington ISD,/districts/covington-isd/
129901,Crandall ISD,/districts/crandall-isd/
052901,Crane ISD,/districts/crane-isd/
018908,Cranfills Gap ISD,/districts/cranfills-gap-isd/
161901,Crawford ISD,/districts/crawford-isd/
053001,Crockett County Consolidated CSD,/districts/crockett-county-consolidated-csd/
113901,Crockett ISD,/districts/crockett-isd/
101906,Crosby ISD,/districts/crosby-isd/
054901,Crosbyton CISD,/districts/crosbyton-cisd/
030901,Cross Plains ISD,/districts/cross-plains-isd/
107904,Cross Roads ISD,/districts/cross-roads-isd/
184801,Crosstimbers Academy,/districts/crosstimbers-academy/
078901,Crowell ISD,/districts/crowell-isd/
220912,Crowley ISD,/districts/crowley-isd/
254901,Crystal City ISD,/districts/crystal-city-isd/
062901,Cuero ISD,/districts/cuero-isd/
055901,Culberson County-Allamoore ISD,/districts/culberson-county-allamoore-isd/
212801,Cumberland Academy,/districts/cumberland-academy/
112905,Cumby ISD,/districts/cumby-isd/
174902,Cushing ISD,/districts/cushing-isd/
101907,Cypress-Fairbanks ISD,/districts/cypress-fairbanks-isd/
163902,D'Hanis ISD,/districts/dhanis-isd/
172902,Daingerfield-Lone Star ISD,/districts/daingerfield-lone-star-isd/
056901,Dalhart ISD,/districts/dalhart-isd/
057804,Dallas Can Academy Charter,/districts/dallas-can-academy-charter/
057805,Dallas Community Charter School,/districts/dallas-community-charter-school/
057814,Dallas County Juvenile Justice,/districts/dallas-county-juvenile-justice/
057905,Dallas ISD,/districts/dallas-isd/
020910,Damon ISD,/districts/damon-isd/
020904,Danbury ISD,/districts/danbury-isd/
148905,Darrouzett ISD,/districts/darrouzett-isd/
175904,Dawson ISD,/districts/dawson-isd-navarro/
058902,Dawson ISD,/districts/dawson-isd-dawson/
146902,Dayton ISD,/districts/dayton-isd/
047902,De Leon ISD,/districts/de-leon-isd/
249905,Decatur ISD,/districts/decatur-isd/
101908,Deer Park ISD,/districts/deer-park-isd/
019901,Dekalb ISD,/districts/dekalb-isd/
227910,Del Valle ISD,/districts/del-valle-isd/
115903,Dell City ISD,/districts/dell-city-isd/
091903,Denison ISD,/districts/denison-isd/
061901,Denton ISD,/districts/denton-isd/
251901,Denver City ISD,/districts/denver-city-isd/
057906,Desoto ISD,/districts/desoto-isd/
194905,Detroit ISD,/districts/detroit-isd/
146903,Devers ISD,/districts/devers-isd/
163901,Devine ISD,/districts/devine-isd/
081906,Dew ISD,/districts/dew-isd/
176903,Deweyville ISD,/districts/deweyville-isd/
003905,Diboll ISD,/districts/diboll-isd/
084901,Dickinson ISD,/districts/dickinson-isd/
082902,Dilley ISD,/districts/dilley-isd/
144903,Dime Box ISD,/districts/dime-box-isd/
035901,Dimmitt ISD,/districts/dimmitt-isd/
133905,Divide ISD,/districts/divide-isd/
074904,Dodd City ISD,/districts/dodd-city-isd/
108902,Donna ISD,/districts/donna-isd/
086024,Doss Consolidated CSD,/districts/doss-consolidated-csd/
174911,Douglass ISD,/districts/douglass-isd/
178801,Dr ML Garza-Gonzalez Charter School,/districts/dr-ml-garza-gonzalez-charter-school/
101856,Draw Academy,/districts/draw-academy/
105904,Dripping Springs ISD,/districts/dripping-springs-isd/
178905,Driscoll ISD,/districts/driscoll-isd/
072902,Dublin ISD,/districts/dublin-isd/
171901,Dumas ISD,/districts/dumas-isd/
057907,Duncanville ISD,/districts/duncanville-isd/
057806,Eagle Advantage Schools,/districts/eagle-advantage-schools/
220918,Eagle Mt-Saginaw ISD,/districts/eagle-mt-saginaw-isd/
159901,Eagle Pass ISD,/districts/eagle-pass-isd/
227909,Eanes ISD,/districts/eanes-isd/
025909,Early ISD,/districts/early-isd/
241902,East Bernard ISD,/districts/east-bernard-isd/
015911,East Central ISD,/districts/east-central-isd/
036903,East Chambers ISD,/districts/east-chambers-isd/
220811,East Fort Worth Montessori Academy,/districts/east-fort-worth-montessori-academy/
092801,East Texas Charter Schools,/districts/east-texas-charter-schools/
067903,Eastland ISD,/districts/eastland-isd/
068901,Ector County ISD,/districts/ector-county-isd/
074905,Ector ISD,/districts/ector-isd/
108903,Edcouch-Elsa ISD,/districts/edcouch-elsa-isd/
048901,Eden CISD,/districts/eden-cisd/
227803,Eden Park Academy,/districts/eden-park-academy/
234903,Edgewood ISD,/districts/edgewood-isd-van-zandt/
015905,Edgewood ISD,/districts/edgewood-isd-bexar/
108904,Edinburg CISD,/districts/edinburg-cisd/
120901,Edna ISD,/districts/edna-isd/
057833,Education Center International Academy,/districts/education-center-international-academy/
123805,Ehrhart School,/districts/ehrhart-school/
241903,El Campo ISD,/districts/el-campo-isd/
071804,El Paso Academy,/districts/el-paso-academy/
071902,El Paso ISD,/districts/el-paso-isd/
071810,El Paso Leadership Academy,/districts/el-paso-leadership-academy/
015836,Eleanor Kolitz Hebrew Language Aca,/districts/eleanor-kolitz-hebrew-language-aca/
243902,Electra ISD,/districts/electra-isd/
011902,Elgin ISD,/districts/elgin-isd/
001903,Elkhart ISD,/districts/elkhart-isd/
102906,Elysian Fields ISD,/districts/elysian-fields-isd/
070903,Ennis ISD,/districts/ennis-isd/
049906,Era ISD,/districts/era-isd/
072802,Erath Excels Academy Inc,/districts/erath-excels-academy-inc/
174910,Etoile ISD,/districts/etoile-isd/
030906,Eula ISD,/districts/eula-isd/
107905,Eustace ISD,/districts/eustace-isd/
121906,Evadale ISD,/districts/evadale-isd/
050901,Evant ISD,/districts/evant-isd/
220904,Everman ISD,/districts/everman-isd/
057834,Evolution Academy Charter School,/districts/evolution-academy-charter-school/
101811,Excel Academy,/districts/excel-academy/
108809,Excellence In Leadership Academy,/districts/excellence-in-leadership-academy/
210906,Excelsior ISD,/districts/excelsior-isd/
143906,Ezzell ISD,/districts/ezzell-isd/
071903,Fabens ISD,/districts/fabens-isd/
081902,Fairfield ISD,/districts/fairfield-isd/
128904,Falls City ISD,/districts/falls-city-isd/
060914,Fannindel ISD,/districts/fannindel-isd/
043904,Farmersville ISD,/districts/farmersville-isd/
185902,Farwell ISD,/districts/farwell-isd/
075906,Fayetteville ISD,/districts/fayetteville-isd/
070905,Ferris ISD,/districts/ferris-isd/
075901,Flatonia ISD,/districts/flatonia-isd/
246902,Florence ISD,/districts/florence-isd/
247901,Floresville ISD,/districts/floresville-isd/
178914,Flour Bluff ISD,/districts/flour-bluff-isd/
077901,Floydada ISD,/districts/floydada-isd/
057817,Focus Learning Academy,/districts/focus-learning-academy/
148902,Follett ISD,/districts/follett-isd/
169910,Forestburg ISD,/districts/forestburg-isd/
129902,Forney ISD,/districts/forney-isd/
114904,Forsan ISD,/districts/forsan-isd/
079907,Fort Bend ISD,/districts/fort-bend-isd/
122901,Fort Davis ISD,/districts/fort-davis-isd/
242906,Fort Elliott CISD,/districts/fort-elliott-cisd/
115901,Fort Hancock ISD,/districts/fort-hancock-isd/
015914,Fort Sam Houston ISD,/districts/fort-sam-houston-isd/
186902,Fort Stockton ISD,/districts/fort-stockton-isd/
220809,Fort Worth Academy Of Fine Arts,/districts/fort-worth-academy-of-fine-arts/
220905,Fort Worth ISD,/districts/fort-worth-isd/
198903,Franklin ISD,/districts/franklin-isd/
001904,Frankston ISD,/districts/frankston-isd/
086901,Fredericksburg ISD,/districts/fredericksburg-isd/
066903,Freer ISD,/districts/freer-isd/
152907,Frenship ISD,/districts/frenship-isd/
084911,Friendswood ISD,/districts/friendswood-isd/
185903,Friona ISD,/districts/friona-isd/
043905,Frisco ISD,/districts/frisco-isd/
175905,Frost ISD,/districts/frost-isd/
234909,Fruitvale ISD,/districts/fruitvale-isd/
049901,Gainesville ISD,/districts/gainesville-isd/
101910,Galena Park ISD,/districts/galena-park-isd/
084902,Galveston ISD,/districts/galveston-isd/
120902,Ganado ISD,/districts/ganado-isd/
057909,Garland ISD,/districts/garland-isd/
184911,Garner ISD,/districts/garner-isd/
174903,Garrison ISD,/districts/garrison-isd/
183904,Gary ISD,/districts/gary-isd/
050902,Gatesville ISD,/districts/gatesville-isd/
240801,Gateway (Student Alternative Program Inc),/districts/gateway-student-alternative-program-inc/
057831,Gateway Charter Academy,/districts/gateway-charter-academy/
166902,Gause ISD,/districts/gause-isd/
015802,George Gervin Academy,/districts/george-gervin-academy/
101804,George I Sanchez Charter,/districts/george-i-sanchez-charter/
149901,George West ISD,/districts/george-west-isd/
246904,Georgetown ISD,/districts/georgetown-isd/
161925,Gholson ISD,/districts/gholson-isd/
144901,Giddings ISD,/districts/giddings-isd/
230902,Gilmer ISD,/districts/gilmer-isd/
092901,Gladewater ISD,/districts/gladewater-isd/
087901,Glasscock County ISD,/districts/glasscock-county-isd/
213901,Glen Rose ISD,/districts/glen-rose-isd/
101866,Global Learning Village,/districts/global-learning-village/
126911,Godley ISD,/districts/godley-isd/
169906,Gold Burg ISD,/districts/gold-burg-isd/
057835,Golden Rule Charter School,/districts/golden-rule-charter-school/
167901,Goldthwaite ISD,/districts/goldthwaite-isd/
088902,Goliad ISD,/districts/goliad-isd/
089901,Gonzales ISD,/districts/gonzales-isd/
187903,Goodrich ISD,/districts/goodrich-isd/
101911,Goose Creek CISD,/districts/goose-creek-cisd/
182901,Gordon ISD,/districts/gordon-isd/
067904,Gorman ISD,/districts/gorman-isd/
156905,Grady ISD,/districts/grady-isd/
182902,Graford ISD,/districts/graford-isd/
252901,Graham ISD,/districts/graham-isd/
111901,Granbury ISD,/districts/granbury-isd/
057910,Grand Prairie ISD,/districts/grand-prairie-isd/
234904,Grand Saline ISD,/districts/grand-saline-isd/
238904,Grandfalls-Royalty ISD,/districts/grandfalls-royalty-isd/
126904,Grandview ISD,/districts/grandview-isd/
090905,Grandview-Hopkins ISD,/districts/grandview-hopkins-isd/
246905,Granger ISD,/districts/granger-isd/
226907,Grape Creek ISD,/districts/grape-creek-isd/
113902,Grapeland ISD,/districts/grapeland-isd/
220906,Grapevine-Colleyville ISD,/districts/grapevine-colleyville-isd/
015835,Great Hearts Texas,/districts/great-hearts-texas/
116905,Greenville ISD,/districts/greenville-isd/
165902,Greenwood ISD,/districts/greenwood-isd/
205902,Gregory-Portland ISD,/districts/gregory-portland-isd/
147902,Groesbeck ISD,/districts/groesbeck-isd/
033901,Groom ISD,/districts/groom-isd/
228901,Groveton ISD,/districts/groveton-isd/
098901,Gruver ISD,/districts/gruver-isd/
091917,Gunter ISD,/districts/gunter-isd/
047903,Gustine ISD,/districts/gustine-isd/
135001,Guthrie CSD,/districts/guthrie-csd/
095903,Hale Center ISD,/districts/hale-center-isd/
143901,Hallettsville ISD,/districts/hallettsville-isd/
161924,Hallsburg ISD,/districts/hallsburg-isd/
102904,Hallsville ISD,/districts/hallsville-isd/
097902,Hamilton ISD,/districts/hamilton-isd/
127903,Hamlin ISD,/districts/hamlin-isd/
123914,Hamshire-Fannett ISD,/districts/hamshire-fannett-isd/
219901,Happy ISD,/districts/happy-isd/
146904,Hardin ISD,/districts/hardin-isd/
100905,Hardin-Jefferson ISD,/districts/hardin-jefferson-isd/
015904,Harlandale ISD,/districts/harlandale-isd/
102905,Harleton ISD,/districts/harleton-isd/
031903,Harlingen CISD,/districts/harlingen-cisd/
230905,Harmony ISD,/districts/harmony-isd/
101858,Harmony School Of Excellence,/districts/harmony-school-of-excellence/
101862,Harmony School Of Science (Houston),/districts/harmony-school-of-science-houston/
227816,Harmony Science Academy (Austin),/districts/harmony-science-academy-austin/
071806,Harmony Science Academy (El Paso),/districts/harmony-science-academy-el-paso/
101846,Harmony Science Academy (Houston),/districts/harmony-science-academy-houston/
015828,Harmony Science Academy (San Antonio),/districts/harmony-science-academy-san-antonio/
161807,Harmony Science Academy (Waco),/districts/harmony-science-academy-waco/
086902,Harper ISD,/districts/harper-isd/
244901,Harrold ISD,/districts/harrold-isd/
035902,Hart ISD,/districts/hart-isd/
103902,Hartley ISD,/districts/hartley-isd/
225907,Harts Bluff ISD,/districts/harts-bluff-isd/
104901,Haskell CISD,/districts/haskell-cisd/
250902,Hawkins ISD,/districts/hawkins-isd/
127904,Hawley ISD,/districts/hawley-isd/
105906,Hays CISD,/districts/hays-cisd/
198905,Hearne ISD,/districts/hearne-isd/
065902,Hedley ISD,/districts/hedley-isd/
202903,Hemphill ISD,/districts/hemphill-isd/
237902,Hempstead ISD,/districts/hempstead-isd/
201902,Henderson ISD,/districts/henderson-isd/
039902,Henrietta ISD,/districts/henrietta-isd/
015833,Henry Ford Academy Alameda School,/districts/henry-ford-academy-alameda-school/
059901,Hereford ISD,/districts/hereford-isd/
015815,Heritage Academy,/districts/heritage-academy/
208901,Hermleigh ISD,/districts/hermleigh-isd/
097903,Hico ISD,/districts/hico-isd/
108905,Hidalgo ISD,/districts/hidalgo-isd/
148903,Higgins ISD,/districts/higgins-isd/
084903,High Island ISD,/districts/high-island-isd/
220819,High Point Academy,/districts/high-point-academy/
177905,Highland ISD,/districts/highland-isd/
057911,Highland Park ISD,/districts/highland-park-isd-dallas/
188903,Highland Park ISD,/districts/highland-park-isd-potter/
109904,Hillsboro ISD,/districts/hillsboro-isd/
084908,Hitchcock ISD,/districts/hitchcock-isd/
014905,Holland ISD,/districts/holland-isd/
005902,Holliday ISD,/districts/holliday-isd/
163904,Hondo ISD,/districts/hondo-isd/
074907,Honey Grove ISD,/districts/honey-grove-isd/
019902,Hooks ISD,/districts/hooks-isd/
101828,Houston Gateway Academy Inc,/districts/houston-gateway-academy-inc/
101821,Houston Heights High School,/districts/houston-heights-high-school/
101829,Houston Heights Learning Academy Inc,/districts/houston-heights-learning-academy-inc/
101912,Houston ISD,/districts/houston-isd/
091905,Howe ISD,/districts/howe-isd/
019913,Hubbard ISD,/districts/hubbard-isd-bowie/
109905,Hubbard ISD,/districts/hubbard-isd-hill/
072908,Huckabay ISD,/districts/huckabay-isd/
003902,Hudson ISD,/districts/hudson-isd/
101925,Huffman ISD,/districts/huffman-isd/
034903,Hughes Springs ISD,/districts/hughes-springs-isd/
146905,Hull-Daisetta ISD,/districts/hull-daisetta-isd/
101913,Humble ISD,/districts/humble-isd/
133902,Hunt ISD,/districts/hunt-isd/
003904,Huntington ISD,/districts/huntington-isd/
236902,Huntsville ISD,/districts/huntsville-isd/
220916,Hurst-Euless-Bedford ISD,/districts/hurst-euless-bedford-isd/
246906,Hutto ISD,/districts/hutto-isd/
152910,Idalou ISD,/districts/idalou-isd/
108807,Idea Public Schools,/districts/idea-public-schools/
043801,Imagine International Academy Of N,/districts/imagine-international-academy-of-n/
120905,Industrial ISD,/districts/industrial-isd/
205903,Ingleside ISD,/districts/ingleside-isd/
133904,Ingram ISD,/districts/ingram-isd/
057830,Inspired Vision Academy,/districts/inspired-vision-academy/
057848,International Leadership Of Texas,/districts/international-leadership-of-texas/
093903,Iola ISD,/districts/iola-isd/
243903,Iowa Park CISD,/districts/iowa-park-cisd/
208903,Ira ISD,/districts/ira-isd/
186903,Iraan-Sheffield ISD,/districts/iraan-sheffield-isd/
018906,Iredell ISD,/districts/iredell-isd/
118902,Irion County ISD,/districts/irion-county-isd/
057912,Irving ISD,/districts/irving-isd/
070907,Italy ISD,/districts/italy-isd/
109907,Itasca ISD,/districts/itasca-isd/
119902,Jacksboro ISD,/districts/jacksboro-isd/
037904,Jacksonville ISD,/districts/jacksonville-isd/
246907,Jarrell ISD,/districts/jarrell-isd/
121904,Jasper ISD,/districts/jasper-isd/
132902,Jayton-Girard ISD,/districts/jayton-girard-isd/
057819,Jean Massieu Academy,/districts/jean-massieu-academy/
155901,Jefferson ISD,/districts/jefferson-isd/
124901,Jim Hogg County ISD,/districts/jim-hogg-county-isd/
221911,Jim Ned CISD,/districts/jim-ned-cisd/
210902,Joaquin ISD,/districts/joaquin-isd/
015808,John H Wood Jr Public Charter District,/districts/john-h-wood-jr-public-charter-district/
016901,Johnson City ISD,/districts/johnson-city-isd/
050909,Jonesboro ISD,/districts/jonesboro-isd/
126905,Joshua ISD,/districts/joshua-isd/
007902,Jourdanton ISD,/districts/jourdanton-isd/
015822,Jubilee Academic Center,/districts/jubilee-academic-center/
015916,Judson ISD,/districts/judson-isd/
134901,Junction ISD,/districts/junction-isd/
015826,KIPP Aspire Academy,/districts/kipp-aspire-academy/
227820,KIPP Austin Public Schools Inc,/districts/kipp-austin-public-schools-inc/
101813,KIPP Inc Charter,/districts/kipp-inc-charter/
057837,KIPP Truth Academy,/districts/kipp-truth-academy/
102901,Karnack ISD,/districts/karnack-isd/
128901,Karnes City ISD,/districts/karnes-city-isd/
105801,Katherine Anne Porter School,/districts/katherine-anne-porter-school/
101914,Katy ISD,/districts/katy-isd/
126801,Kauffman Leadership Academy,/districts/kauffman-leadership-academy/
129903,Kaufman ISD,/districts/kaufman-isd/
126906,Keene ISD,/districts/keene-isd/
220907,Keller ISD,/districts/keller-isd/
242905,Kelton ISD,/districts/kelton-isd/
129904,Kemp ISD,/districts/kemp-isd/
131001,Kenedy County Wide CSD,/districts/kenedy-county-wide-csd/
128902,Kenedy ISD,/districts/kenedy-isd/
113906,Kennard ISD,/districts/kennard-isd/
220914,Kennedale ISD,/districts/kennedale-isd/
175907,Kerens ISD,/districts/kerens-isd/
248901,Kermit ISD,/districts/kermit-isd/
133903,Kerrville ISD,/districts/kerrville-isd/
105803,Ki Charter Academy,/districts/ki-charter-academy/
092902,Kilgore ISD,/districts/kilgore-isd/
014906,Killeen ISD,/districts/killeen-isd/
137901,Kingsville ISD,/districts/kingsville-isd/
121905,Kirbyville CISD,/districts/kirbyville-cisd/
101915,Klein ISD,/districts/klein-isd/
058905,Klondike ISD,/districts/klondike-isd/
232901,Knippa ISD,/districts/knippa-isd/
138902,Knox City-O'Brien CISD,/districts/knox-city-obrien-cisd/
018907,Kopperl ISD,/districts/kopperl-isd/
100903,Kountze ISD,/districts/kountze-isd/
219905,Kress ISD,/districts/kress-isd/
061905,Krum ISD,/districts/krum-isd/
057839,La Academia De Estrellas,/districts/la-academia-de-estrellas/
071807,La Fe Preparatory School,/districts/la-fe-preparatory-school/
031905,La Feria ISD,/districts/la-feria-isd/
125906,La Gloria ISD,/districts/la-gloria-isd/
075902,La Grange ISD,/districts/la-grange-isd/
108912,La Joya ISD,/districts/la-joya-isd/
101916,La Porte ISD,/districts/la-porte-isd/
254902,La Pryor ISD,/districts/la-pryor-isd/
161906,La Vega ISD,/districts/la-vega-isd/
247903,La Vernia ISD,/districts/la-vernia-isd/
108914,La Villa ISD,/districts/la-villa-isd/
015913,Lackland ISD,/districts/lackland-isd/
227912,Lago Vista ISD,/districts/lago-vista-isd/
061912,Lake Dallas ISD,/districts/lake-dallas-isd/
227913,Lake Travis ISD,/districts/lake-travis-isd/
220910,Lake Worth ISD,/districts/lake-worth-isd/
079901,Lamar CISD,/districts/lamar-cisd/
058906,Lamesa ISD,/districts/lamesa-isd/
141901,Lampasas ISD,/districts/lampasas-isd/
057913,Lancaster ISD,/districts/lancaster-isd/
201903,Laneville ISD,/districts/laneville-isd/
107910,Lapoynor ISD,/districts/lapoynor-isd/
240901,Laredo ISD,/districts/laredo-isd/
245901,Lasara ISD,/districts/lasara-isd/
113905,Latexo ISD,/districts/latexo-isd/
185904,Lazbuddie ISD,/districts/lazbuddie-isd/
061804,Leadership Prep School,/districts/leadership-prep-school/
193902,Leakey ISD,/districts/leakey-isd/
246913,Leander ISD,/districts/leander-isd/
019914,Leary ISD,/districts/leary-isd/
090902,Lefors ISD,/districts/lefors-isd/
057846,Legacy Preparatory,/districts/legacy-preparatory/
187906,Leggett ISD,/districts/leggett-isd/
145911,Leon ISD,/districts/leon-isd/
074909,Leonard ISD,/districts/leonard-isd/
110902,Levelland ISD,/districts/levelland-isd/
201904,Leveretts Chapel ISD,/districts/leveretts-chapel-isd/
061902,Lewisville ISD,/districts/lewisville-isd/
144902,Lexington ISD,/districts/lexington-isd/
246908,Liberty Hill ISD,/districts/liberty-hill-isd/
146906,Liberty ISD,/districts/liberty-isd/
019908,Liberty-Eylau ISD,/districts/liberty-eylau-isd/
057807,Life School,/districts/life-school/
015825,Lighthouse Charter School,/districts/lighthouse-charter-school/
212903,Lindale ISD,/districts/lindale-isd/
034905,Linden-Kildare CISD,/districts/linden-kildare-cisd/
049907,Lindsay ISD,/districts/lindsay-isd/
072909,Lingleville ISD,/districts/lingleville-isd/
111902,Lipan ISD,/districts/lipan-isd/
181908,Little Cypress-Mauriceville CISD,/districts/little-cypress-mauriceville-cisd/
061914,Little Elm ISD,/districts/little-elm-isd/
140904,Littlefield ISD,/districts/littlefield-isd/
187907,Livingston ISD,/districts/livingston-isd/
150901,Llano ISD,/districts/llano-isd/
028902,Lockhart ISD,/districts/lockhart-isd/
077902,Lockney ISD,/districts/lockney-isd/
160905,Lohn ISD,/districts/lohn-isd/
141902,Lometa ISD,/districts/lometa-isd/
178906,London ISD,/districts/london-isd/
116906,Lone Oak ISD,/districts/lone-oak-isd/
092903,Longview ISD,/districts/longview-isd/
083902,Loop ISD,/districts/loop-isd/
168902,Loraine ISD,/districts/loraine-isd/
161907,Lorena ISD,/districts/lorena-isd/
054902,Lorenzo ISD,/districts/lorenzo-isd/
031906,Los Fresnos CISD,/districts/los-fresnos-cisd/
241906,Louise ISD,/districts/louise-isd/
043919,Lovejoy ISD,/districts/lovejoy-isd/
113903,Lovelady ISD,/districts/lovelady-isd/
152901,Lubbock ISD,/districts/lubbock-isd/
152906,Lubbock-Cooper ISD,/districts/lubbock-cooper-isd/
127905,Lueders-Avoca ISD,/districts/lueders-avoca-isd/
003903,Lufkin ISD,/districts/lufkin-isd/
028903,Luling ISD,/districts/luling-isd/
100907,Lumberton ISD,/districts/lumberton-isd/
245902,Lyford CISD,/districts/lyford-cisd/
007904,Lytle ISD,/districts/lytle-isd/
129905,Mabank ISD,/districts/mabank-isd/
154901,Madisonville CISD,/districts/madisonville-cisd/
170906,Magnolia ISD,/districts/magnolia-isd/
107906,Malakoff ISD,/districts/malakoff-isd/
109908,Malone ISD,/districts/malone-isd/
019910,Malta ISD,/districts/malta-isd/
057844,Manara Academy,/districts/manara-academy/
227907,Manor ISD,/districts/manor-isd/
220908,Mansfield ISD,/districts/mansfield-isd/
022902,Marathon ISD,/districts/marathon-isd/
027904,Marble Falls ISD,/districts/marble-falls-isd/
189901,Marfa ISD,/districts/marfa-isd/
094904,Marion ISD,/districts/marion-isd/
073903,Marlin ISD,/districts/marlin-isd/
102902,Marshall ISD,/districts/marshall-isd/
161908,Mart ISD,/districts/mart-isd/
234905,Martins Mill ISD,/districts/martins-mill-isd/
174909,Martinsville ISD,/districts/martinsville-isd/
157901,Mason ISD,/districts/mason-isd/
158904,Matagorda ISD,/districts/matagorda-isd/
205904,Mathis ISD,/districts/mathis-isd/
019903,Maud ISD,/districts/maud-isd/
025905,May ISD,/districts/may-isd/
070915,Maypearl ISD,/districts/maypearl-isd/
108906,McAllen ISD,/districts/mcallen-isd/
231901,McCamey ISD,/districts/mccamey-isd/
011905,McDade ISD,/districts/mcdade-isd/
161909,McGregor ISD,/districts/mcgregor-isd/
043907,McKinney ISD,/districts/mckinney-isd/
090903,McLean ISD,/districts/mclean-isd/
034906,McLeod ISD,/districts/mcleod-isd/
162904,McMullen County ISD,/districts/mcmullen-county-isd/
223902,Meadow ISD,/districts/meadow-isd/
130801,Meadowland Charter School,/districts/meadowland-charter-school/
010901,Medina ISD,/districts/medina-isd/
163908,Medina Valley ISD,/districts/medina-valley-isd/
043908,Melissa ISD,/districts/melissa-isd/
096904,Memphis ISD,/districts/memphis-isd/
164901,Menard ISD,/districts/menard-isd/
108907,Mercedes ISD,/districts/mercedes-isd/
018902,Meridian ISD,/districts/meridian-isd/
246801,Meridian School,/districts/meridian-school/
221904,Merkel ISD,/districts/merkel-isd/
057914,Mesquite ISD,/districts/mesquite-isd/
147903,Mexia ISD,/districts/mexia-isd/
101855,Meyerpark Elementary,/districts/meyerpark-elementary/
062906,Meyersville ISD,/districts/meyersville-isd/
197902,Miami ISD,/districts/miami-isd/
108804,Mid-Valley Academy,/districts/mid-valley-academy/
165802,Midland Academy Charter School,/districts/midland-academy-charter-school/
165901,Midland ISD,/districts/midland-isd/
070908,Midlothian ISD,/districts/midlothian-isd/
161903,Midway ISD,/districts/midway-isd-mclennan/
039905,Midway ISD,/districts/midway-isd-clay/
166903,Milano ISD,/districts/milano-isd/
175910,Mildred ISD,/districts/mildred-isd/
200902,Miles ISD,/districts/miles-isd/
070909,Milford ISD,/districts/milford-isd/
112907,Miller Grove ISD,/districts/miller-grove-isd/
184904,Millsap ISD,/districts/millsap-isd/
250903,Mineola ISD,/districts/mineola-isd/
182903,Mineral Wells ISD,/districts/mineral-wells-isd/
108908,Mission CISD,/districts/mission-cisd/
238902,Monahans-Wickett-Pyote ISD,/districts/monahans-wickett-pyote-isd/
169908,Montague ISD,/districts/montague-isd/
108915,Monte Alto ISD,/districts/monte-alto-isd/
227826,Montessori for All,/districts/montessori-for-all/
170903,Montgomery ISD,/districts/montgomery-isd/
161910,Moody ISD,/districts/moody-isd/
209902,Moran ISD,/districts/moran-isd/
018903,Morgan ISD,/districts/morgan-isd/
072910,Morgan Mill ISD,/districts/morgan-mill-isd/
040901,Morton ISD,/districts/morton-isd/
173901,Motley County ISD,/districts/motley-county-isd/
143902,Moulton ISD,/districts/moulton-isd/
109910,Mount Calm ISD,/districts/mount-calm-isd/
201907,Mount Enterprise ISD,/districts/mount-enterprise-isd/
225902,Mount Pleasant ISD,/districts/mount-pleasant-isd/
080901,Mount Vernon ISD,/districts/mount-vernon-isd/
049902,Muenster ISD,/districts/muenster-isd/
009901,Muleshoe ISD,/districts/muleshoe-isd/
167902,Mullin ISD,/districts/mullin-isd/
198906,Mumford ISD,/districts/mumford-isd/
138903,Munday CISD,/districts/munday-cisd/
107908,Murchison ISD,/districts/murchison-isd/
174904,Nacogdoches ISD,/districts/nacogdoches-isd/
163903,Natalia ISD,/districts/natalia-isd/
094903,Navarro ISD,/districts/navarro-isd/
093904,Navasota ISD,/districts/navasota-isd/
035903,Nazareth ISD,/districts/nazareth-isd/
001906,Neches ISD,/districts/neches-isd/
123905,Nederland ISD,/districts/nederland-isd/
079906,Needville ISD,/districts/needville-isd/
019905,New Boston ISD,/districts/new-boston-isd/
046901,New Braunfels ISD,/districts/new-braunfels-isd/
170908,New Caney ISD,/districts/new-caney-isd/
152902,New Deal ISD,/districts/new-deal-isd/
230906,New Diana ISD,/districts/new-diana-isd/
015805,New Frontiers Charter School,/districts/new-frontiers-charter-school/
153905,New Home ISD,/districts/new-home-isd/
037908,New Summerfield ISD,/districts/new-summerfield-isd/
236901,New Waverly ISD,/districts/new-waverly-isd/
252902,Newcastle ISD,/districts/newcastle-isd/
220817,Newman International Academy Of Arlington,/districts/newman-international-academy-of-arlington/
176902,Newton ISD,/districts/newton-isd/
089903,Nixon-Smiley CISD,/districts/nixon-smiley-cisd/
169902,Nocona ISD,/districts/nocona-isd/
062902,Nordheim ISD,/districts/nordheim-isd/
145906,Normangee ISD,/districts/normangee-isd/
015910,North East ISD,/districts/north-east-isd/
057803,North Hills Preparatory School,/districts/north-hills-preparatory-school/
112906,North Hopkins ISD,/districts/north-hopkins-isd/
139911,North Lamar ISD,/districts/north-lamar-isd/
154903,North Zulch ISD,/districts/north-zulch-isd/
244905,Northside ISD,/districts/northside-isd-wilbarger/
015915,Northside ISD,/districts/northside-isd-bexar/
061911,Northwest ISD,/districts/northwest-isd/
057809,Nova Academy,/districts/nova-academy/
057827,Nova Academy (Southeast),/districts/nova-academy-southeast/
069902,Nueces Canyon CISD,/districts/nueces-canyon-cisd/
235904,Nursery ISD,/districts/nursery-isd/
227804,Nyos Charter School,/districts/nyos-charter-school/
153903,O'Donnell ISD,/districts/odonnell-isd/
145907,Oakwood ISD,/districts/oakwood-isd/
205905,Odem-Edroy ISD,/districts/odem-edroy-isd/
084802,Odyssey Academy Inc,/districts/odyssey-academy-inc/
050904,Oglesby ISD,/districts/oglesby-isd/
200906,Olfen ISD,/districts/olfen-isd/
252903,Olney ISD,/districts/olney-isd/
140905,Olton ISD,/districts/olton-isd/
187910,Onalaska ISD,/districts/onalaska-isd/
125903,Orange Grove ISD,/districts/orange-grove-isd/
181905,Orangefield ISD,/districts/orangefield-isd/
230903,Ore City ISD,/districts/ore-city-isd/
014804,Orenda Charter School,/districts/orenda-charter-school/
201908,Overton ISD,/districts/overton-isd/
051901,Paducah ISD,/districts/paducah-isd/
104907,Paint Creek ISD,/districts/paint-creek-isd/
048903,Paint Rock ISD,/districts/paint-rock-isd/
158905,Palacios ISD,/districts/palacios-isd/
001907,Palestine ISD,/districts/palestine-isd/
070910,Palmer ISD,/districts/palmer-isd/
182906,Palo Pinto ISD,/districts/palo-pinto-isd/
090904,Pampa ISD,/districts/pampa-isd/
033902,Panhandle ISD,/districts/panhandle-isd/
183801,Panola Charter School,/districts/panola-charter-school/
042905,Panther Creek CISD,/districts/panther-creek-cisd/
072801,Paradigm Accelerated Charter School,/districts/paradigm-accelerated-charter-school/
249906,Paradise ISD,/districts/paradise-isd/
139909,Paris ISD,/districts/paris-isd/
101917,Pasadena ISD,/districts/pasadena-isd/
071803,Paso Del Norte,/districts/paso-del-norte/
063906,Patton Springs ISD,/districts/patton-springs-isd/
013902,Pawnee ISD,/districts/pawnee-isd/
020908,Pearland ISD,/districts/pearland-isd/
082903,Pearsall ISD,/districts/pearsall-isd/
184908,Peaster ISD,/districts/peaster-isd/
195901,Pecos-Barstow-Toyah ISD,/districts/pecos-barstow-toyah-isd/
057802,Pegasus School Of Liberal Arts And Sciences,/districts/pegasus-school-of-liberal-arts-and-sciences/
109914,Penelope ISD,/districts/penelope-isd/
119903,Perrin-Whitt CISD,/districts/perrin-whitt-cisd/
179901,Perryton ISD,/districts/perryton-isd/
095904,Petersburg ISD,/districts/petersburg-isd/
039903,Petrolia ISD,/districts/petrolia-isd/
013903,Pettus ISD,/districts/pettus-isd/
172905,Pewitt CISD,/districts/pewitt-cisd/
227904,Pflugerville ISD,/districts/pflugerville-isd/
108909,Pharr-San Juan-Alamo ISD,/districts/pharr-san-juan-alamo-isd/
061903,Pilot Point ISD,/districts/pilot-point-isd/
092904,Pine Tree ISD,/districts/pine-tree-isd/
003801,Pineywoods Community Academy,/districts/pineywoods-community-academy/
057850,Pioneer Technology & Arts Academy,/districts/pioneer-technology-arts-academy/
032902,Pittsburg ISD,/districts/pittsburg-isd/
251902,Plains ISD,/districts/plains-isd/
095905,Plainview ISD,/districts/plainview-isd/
043910,Plano ISD,/districts/plano-isd/
019912,Pleasant Grove ISD,/districts/pleasant-grove-isd/
007905,Pleasanton ISD,/districts/pleasanton-isd/
117904,Plemons-Stinnett-Phillips CISD,/districts/plemons-stinnett-phillips-cisd/
031909,Point Isabel ISD,/districts/point-isabel-isd/
061906,Ponder ISD,/districts/ponder-isd/
184901,Poolville ISD,/districts/poolville-isd/
015801,Por Vida Academy,/districts/por-vida-academy/
178908,Port Aransas ISD,/districts/port-aransas-isd/
123907,Port Arthur ISD,/districts/port-arthur-isd/
123908,Port Neches-Groves ISD,/districts/port-neches-groves-isd/
015814,Positive Solutions Charter School,/districts/positive-solutions-charter-school/
085902,Post ISD,/districts/post-isd/
007906,Poteet ISD,/districts/poteet-isd/
247904,Poth ISD,/districts/poth-isd/
091913,Pottsboro ISD,/districts/pottsboro-isd/
028906,Prairie Lea ISD,/districts/prairie-lea-isd/
169909,Prairie Valley ISD,/districts/prairie-valley-isd/
139912,Prairiland ISD,/districts/prairiland-isd/
125905,Premont ISD,/districts/premont-isd/
189902,Presidio ISD,/districts/presidio-isd/
167904,Priddy ISD,/districts/priddy-isd/
043911,Princeton ISD,/districts/princeton-isd/
098903,Pringle-Morse CISD,/districts/pringle-morse-cisd/
108910,Progreso ISD,/districts/progreso-isd/
043912,Prosper ISD,/districts/prosper-isd/
099903,Quanah ISD,/districts/quanah-isd/
034907,Queen City ISD,/districts/queen-city-isd/
116908,Quinlan ISD,/districts/quinlan-isd/
250904,Quitman ISD,/districts/quitman-isd/
190903,Rains ISD,/districts/rains-isd/
054903,Ralls ISD,/districts/ralls-isd/
066005,Ramirez CSD,/districts/ramirez-csd/
234801,Ranch Academy,/districts/ranch-academy/
015906,Randolph Field ISD,/districts/randolph-field-isd/
067907,Ranger ISD,/districts/ranger-isd/
231902,Rankin ISD,/districts/rankin-isd/
161802,Rapoport Academy Public School,/districts/rapoport-academy-public-school/
101806,Raul Yzaguirre School For Success,/districts/raul-yzaguirre-school-for-success/
236801,Raven School,/districts/raven-school/
245903,Raymondville ISD,/districts/raymondville-isd/
192901,Reagan County ISD,/districts/reagan-county-isd/
057841,Reconciliation Academy,/districts/reconciliation-academy/
019911,Red Lick ISD,/districts/red-lick-isd/
070911,Red Oak ISD,/districts/red-oak-isd/
019906,Redwater ISD,/districts/redwater-isd/
196903,Refugio ISD,/districts/refugio-isd/
221801,Responsive Education Solutions,/districts/responsive-education-solutions/
137902,Ricardo ISD,/districts/ricardo-isd/
045903,Rice CISD,/districts/rice-cisd/
175911,Rice ISD,/districts/rice-isd/
014801,Richard Milburn Alternative High School,/districts/richard-milburn-alternative-high-school/
093905,Richards ISD,/districts/richards-isd/
057916,Richardson ISD,/districts/richardson-isd/
057840,"Richland Collegiate High School Of Math, Science and Engineering",/districts/richland-collegiate-high-school-of-math-science-and-engineering/
206902,Richland Springs ISD,/districts/richland-springs-isd/
161912,Riesel ISD,/districts/riesel-isd/
214901,Rio Grande City CISD,/districts/rio-grande-city-cisd/
031911,Rio Hondo ISD,/districts/rio-hondo-isd/
126907,Rio Vista ISD,/districts/rio-vista-isd/
101853,Ripley House Charter School,/districts/ripley-house-charter-school/
152802,Rise Academy,/districts/rise-academy/
067908,Rising Star ISD,/districts/rising-star-isd/
188902,River Road ISD,/districts/river-road-isd/
194903,Rivercrest ISD,/districts/rivercrest-isd/
137903,Riviera ISD,/districts/riviera-isd/
041902,Robert Lee ISD,/districts/robert-lee-isd/
161922,Robinson ISD,/districts/robinson-isd/
178909,Robstown ISD,/districts/robstown-isd/
076903,Roby CISD,/districts/roby-cisd/
160904,Rochelle ISD,/districts/rochelle-isd/
166904,Rockdale ISD,/districts/rockdale-isd/
069901,Rocksprings ISD,/districts/rocksprings-isd/
199901,Rockwall ISD,/districts/rockwall-isd/
014907,Rogers ISD,/districts/rogers-isd/
214903,Roma ISD,/districts/roma-isd/
152908,Roosevelt ISD,/districts/roosevelt-isd/
110905,Ropes ISD,/districts/ropes-isd/
177901,Roscoe ISD,/districts/roscoe-isd/
073905,Rosebud-Lott ISD,/districts/rosebud-lott-isd/
076904,Rotan ISD,/districts/rotan-isd/
246909,Round Rock ISD,/districts/round-rock-isd/
075908,Round Top-Carmine ISD,/districts/round-top-carmine-isd/
139908,Roxton ISD,/districts/roxton-isd/
237905,Royal ISD,/districts/royal-isd/
199902,Royse City ISD,/districts/royse-city-isd/
104903,Rule ISD,/districts/rule-isd/
128903,Runge ISD,/districts/runge-isd/
037907,Rusk ISD,/districts/rusk-isd/
091914,S And S CISD,/districts/s-and-s-cisd/
232902,Sabinal ISD,/districts/sabinal-isd/
092906,Sabine ISD,/districts/sabine-isd/
123913,Sabine Pass ISD,/districts/sabine-pass-isd/
169911,Saint Jo ISD,/districts/saint-jo-isd/
014908,Salado ISD,/districts/salado-isd/
112909,Saltillo ISD,/districts/saltillo-isd/
074917,Sam Rayburn ISD,/districts/sam-rayburn-isd/
226903,San Angelo ISD,/districts/san-angelo-isd/
015907,San Antonio ISD,/districts/san-antonio-isd/
015820,San Antonio School For Inquiry & Creativity,/districts/san-antonio-school-for-inquiry-creativity/
203901,San Augustine ISD,/districts/san-augustine-isd/
031912,San Benito CISD,/districts/san-benito-cisd/
066902,San Diego ISD,/districts/san-diego-isd/
071904,San Elizario ISD,/districts/san-elizario-isd/
233901,San Felipe-Del Rio CISD,/districts/san-felipe-del-rio-cisd/
214902,San Isidro ISD,/districts/san-isidro-isd/
105902,San Marcos CISD,/districts/san-marcos-cisd/
245904,San Perlita ISD,/districts/san-perlita-isd/
206901,San Saba ISD,/districts/san-saba-isd/
022903,San Vicente ISD,/districts/san-vicente-isd/
058909,Sands CISD,/districts/sands-cisd/
117903,Sanford-Fritch ISD,/districts/sanford-fritch-isd/
061908,Sanger ISD,/districts/sanger-isd/
042903,Santa Anna ISD,/districts/santa-anna-isd/
084909,Santa Fe ISD,/districts/santa-fe-isd/
137904,Santa Gertrudis ISD,/districts/santa-gertrudis-isd/
031913,Santa Maria ISD,/districts/santa-maria-isd/
031914,Santa Rosa ISD,/districts/santa-rosa-isd/
182904,Santo ISD,/districts/santo-isd/
074911,Savoy ISD,/districts/savoy-isd/
094902,Schertz-Cibolo-Universal City ISD,/districts/schertz-cibolo-universal-city-isd/
207901,Schleicher ISD,/districts/schleicher-isd/
015806,School Of Excellence In Education,/districts/school-of-excellence-in-education/
015827,School Of Science And Technology,/districts/school-of-science-and-technology/
015831,School Of Science And Technology Discovery,/districts/school-of-science-and-technology-discovery/
075903,Schulenburg ISD,/districts/schulenburg-isd/
129910,Scurry-Rosser ISD,/districts/scurry-rosser-isd/
083901,Seagraves ISD,/districts/seagraves-isd/
008902,Sealy ISD,/districts/sealy-isd/
178808,Seashore Middle Academy,/districts/seashore-middle-academy/
094901,Seguin ISD,/districts/seguin-isd/
083903,Seminole ISD,/districts/seminole-isd/
101802,Ser-Ninos Charter School,/districts/ser-ninos-charter-school/
012901,Seymour ISD,/districts/seymour-isd/
152909,Shallowater ISD,/districts/shallowater-isd/
242902,Shamrock ISD,/districts/shamrock-isd/
108911,Sharyland ISD,/districts/sharyland-isd/
210903,Shelbyville ISD,/districts/shelbyville-isd/
101924,Sheldon ISD,/districts/sheldon-isd/
204904,Shepherd ISD,/districts/shepherd-isd/
091906,Sherman ISD,/districts/sherman-isd/
143903,Shiner ISD,/districts/shiner-isd/
047905,Sidney ISD,/districts/sidney-isd/
115902,Sierra Blanca ISD,/districts/sierra-blanca-isd/
100904,Silsbee ISD,/districts/silsbee-isd/
023902,Silverton ISD,/districts/silverton-isd/
019909,Simms ISD,/districts/simms-isd/
205906,Sinton ISD,/districts/sinton-isd/
049909,Sivells Bend ISD,/districts/sivells-bend-isd/
013905,Skidmore-Tynan ISD,/districts/skidmore-tynan-isd/
152903,Slaton ISD,/districts/slaton-isd/
249908,Slidell ISD,/districts/slidell-isd/
001909,Slocum ISD,/districts/slocum-isd/
011904,Smithville ISD,/districts/smithville-isd/
110906,Smyer ISD,/districts/smyer-isd/
026903,Snook ISD,/districts/snook-isd/
208902,Snyder ISD,/districts/snyder-isd/
071909,Socorro ISD,/districts/socorro-isd/
015909,Somerset ISD,/districts/somerset-isd/
026902,Somerville ISD,/districts/somerville-isd/
218901,Sonora ISD,/districts/sonora-isd/
152803,South Plains,/districts/south-plains/
015908,South San Antonio ISD,/districts/south-san-antonio-isd/
031916,South Texas ISD,/districts/south-texas-isd/
085903,Southland ISD,/districts/southland-isd/
015917,Southside ISD,/districts/southside-isd/
015912,Southwest ISD,/districts/southwest-isd/
015807,Southwest Preparatory School,/districts/southwest-preparatory-school/
101838,Southwest School,/districts/southwest-school/
098904,Spearman ISD,/districts/spearman-isd/
170907,Splendora ISD,/districts/splendora-isd/
101920,Spring Branch ISD,/districts/spring-branch-isd/
117907,Spring Creek ISD,/districts/spring-creek-isd/
092907,Spring Hill ISD,/districts/spring-hill-isd/
101919,Spring ISD,/districts/spring-isd/
140907,Springlake-Earth ISD,/districts/springlake-earth-isd/
184902,Springtown ISD,/districts/springtown-isd/
063903,Spur ISD,/districts/spur-isd/
229905,Spurger ISD,/districts/spurger-isd/
057836,St Anthony School,/districts/st-anthony-school/
013801,St Mary's Academy Charter School,/districts/st-marys-academy-charter-school/
079910,Stafford MSD,/districts/stafford-msd/
127906,Stamford ISD,/districts/stamford-isd/
156902,Stanton ISD,/districts/stanton-isd/
227814,Star Charter School,/districts/star-charter-school/
174801,Stephen F Austin State University Charter School,/districts/stephen-f-austin-state-university-charter-school/
072903,Stephenville ISD,/districts/stephenville-isd/
101859,Stepping Stones Charter Elementary,/districts/stepping-stones-charter-elementary/
216901,Sterling City ISD,/districts/sterling-city-isd/
247906,Stockdale ISD,/districts/stockdale-isd/
211902,Stratford ISD,/districts/stratford-isd/
182905,Strawn ISD,/districts/strawn-isd/
140908,Sudan ISD,/districts/sudan-isd/
112910,Sulphur Bluff ISD,/districts/sulphur-bluff-isd/
112901,Sulphur Springs ISD,/districts/sulphur-springs-isd/
110907,Sundown ISD,/districts/sundown-isd/
057919,Sunnyvale ISD,/districts/sunnyvale-isd/
171902,Sunray ISD,/districts/sunray-isd/
020906,Sweeny ISD,/districts/sweeny-isd/
143905,Sweet Home ISD,/districts/sweet-home-isd/
177902,Sweetwater ISD,/districts/sweetwater-isd/
205907,Taft ISD,/districts/taft-isd/
153904,Tahoka ISD,/districts/tahoka-isd/
146907,Tarkington ISD,/districts/tarkington-isd/
201910,Tatum ISD,/districts/tatum-isd/
246911,Taylor ISD,/districts/taylor-isd/
081904,Teague ISD,/districts/teague-isd/
108802,Technology Education Charter High,/districts/technology-education-charter-high/
123803,Tekoa Academy Of Accelerated Studies,/districts/tekoa-academy-of-accelerated-studies/
014803,Temple Education Center,/districts/temple-education-center/
014909,Temple ISD,/districts/temple-isd/
210904,Tenaha ISD,/districts/tenaha-isd/
022004,Terlingua CSD,/districts/terlingua-csd/
222901,Terrell County ISD,/districts/terrell-county-isd/
129906,Terrell ISD,/districts/terrell-isd/
019907,Texarkana ISD,/districts/texarkana-isd/
084906,Texas City ISD,/districts/texas-city-isd/
220814,Texas Elementary School Of The Arts,/districts/texas-elementary-school-of-the-arts/
227805,Texas Empowerment Academy,/districts/texas-empowerment-academy/
226801,Texas Leadership Charter Academy,/districts/texas-leadership-charter-academy/
105802,Texas Preparatory School,/districts/texas-preparatory-school/
170801,Texas Serenity Academy,/districts/texas-serenity-academy/
211901,Texhoma ISD,/districts/texhoma-isd/
056902,Texline ISD,/districts/texline-isd/
227824,The East Austin College Prep Academy,/districts/the-east-austin-college-prep-academy/
061802,The Education Center,/districts/the-education-center/
227828,The Excel Center,/districts/the-excel-center/
227827,The Excel Center (For Adults),/districts/the-excel-center-for-adults/
101868,The Pro-Vision Academy,/districts/the-pro-vision-academy/
101861,The Rhodes School,/districts/the-rhodes-school/
101814,The Varnett Public School,/districts/the-varnett-public-school/
166905,Thorndale ISD,/districts/thorndale-isd/
246912,Thrall ISD,/districts/thrall-isd/
149902,Three Rivers ISD,/districts/three-rivers-isd/
072901,Three Way ISD,/districts/three-way-isd/
224901,Throckmorton ISD,/districts/throckmorton-isd/
158902,Tidehaven ISD,/districts/tidehaven-isd/
210905,Timpson ISD,/districts/timpson-isd/
091907,Tioga ISD,/districts/tioga-isd/
111903,Tolar ISD,/districts/tolar-isd/
091918,Tom Bean ISD,/districts/tom-bean-isd/
101921,Tomball ISD,/districts/tomball-isd/
071908,Tornillo ISD,/districts/tornillo-isd/
220801,Treetops School International,/districts/treetops-school-international/
221905,Trent ISD,/districts/trent-isd/
074912,Trenton ISD,/districts/trenton-isd/
107907,Trinidad ISD,/districts/trinidad-isd/
057813,Trinity Basin Preparatory,/districts/trinity-basin-preparatory/
046802,Trinity Charter School,/districts/trinity-charter-school/
057849,Trinity Environmental Academy,/districts/trinity-environmental-academy/
228903,Trinity ISD,/districts/trinity-isd/
061805,Trivium Academy,/districts/trivium-academy/
212904,Troup ISD,/districts/troup-isd/
014910,Troy ISD,/districts/troy-isd/
219903,Tulia ISD,/districts/tulia-isd/
178912,Tuloso-Midway ISD,/districts/tuloso-midway-isd/
096905,Turkey-Quitaque ISD,/districts/turkey-quitaque-isd/
101840,Two Dimensions Preparatory Academy,/districts/two-dimensions-preparatory-academy/
212905,Tyler ISD,/districts/tyler-isd/
057845,Ume Preparatory Academy,/districts/ume-preparatory-academy/
230908,Union Grove ISD,/districts/union-grove-isd/
230904,Union Hill ISD,/districts/union-hill-isd/
240903,United ISD,/districts/united-isd/
057808,Universal Academy,/districts/universal-academy/
101807,University Of Houston Charter School,/districts/university-of-houston-charter-school/
227819,University Of Texas Elementary Charter School,/districts/university-of-texas-elementary-charter-school/
227806,University Of Texas University Charter School,/districts/university-of-texas-university-charter-school/
212804,Ut Tyler Innovation Academy,/districts/ut-tyler-innovation-academy/
232904,Utopia ISD,/districts/utopia-isd/
068803,Utpb STEM Academy,/districts/utpb-stem-academy/
232903,Uvalde CISD,/districts/uvalde-cisd/
122902,Valentine ISD,/districts/valentine-isd/
018904,Valley Mills ISD,/districts/valley-mills-isd/
049903,Valley View ISD,/districts/valley-view-isd-cooke/
108916,Valley View ISD,/districts/valley-view-isd-hidalgo/
091908,Van Alstyne ISD,/districts/van-alstyne-isd/
234906,Van ISD,/districts/van-isd/
158906,Van Vleck ISD,/districts/van-vleck-isd/
108808,Vanguard Academy,/districts/vanguard-academy/
180902,Vega ISD,/districts/vega-isd/
126908,Venus ISD,/districts/venus-isd/
226908,Veribest ISD,/districts/veribest-isd/
244903,Vernon ISD,/districts/vernon-isd/
235902,Victoria ISD,/districts/victoria-isd/
181907,Vidor ISD,/districts/vidor-isd/
057847,Village Tech Schools,/districts/village-tech-schools/
071809,Vista Del Futuro Charter School,/districts/vista-del-futuro-charter-school/
143904,Vysehrad ISD,/districts/vysehrad-isd/
161801,Waco Charter School,/districts/waco-charter-school/
161914,Waco ISD,/districts/waco-isd/
089905,Waelder ISD,/districts/waelder-isd/
059902,Walcott ISD,/districts/walcott-isd/
101864,Walipp-Tsu Preparatory Academy,/districts/walipp-tsu-preparatory-academy/
226906,Wall ISD,/districts/wall-isd/
237904,Waller ISD,/districts/waller-isd/
049908,Walnut Bend ISD,/districts/walnut-bend-isd/
018905,Walnut Springs ISD,/districts/walnut-springs-isd/
229904,Warren ISD,/districts/warren-isd/
102903,Waskom ISD,/districts/waskom-isd/
226905,Water Valley ISD,/districts/water-valley-isd/
070801,Waxahachie Faith Family Academy,/districts/waxahachie-faith-family-academy/
070912,Waxahachie ISD,/districts/waxahachie-isd/
184903,Weatherford ISD,/districts/weatherford-isd/
240904,Webb CISD,/districts/webb-cisd/
045905,Weimar ISD,/districts/weimar-isd/
044902,Wellington ISD,/districts/wellington-isd/
223904,Wellman-Union CISD,/districts/wellman-union-cisd/
037909,Wells ISD,/districts/wells-isd/
108913,Weslaco ISD,/districts/weslaco-isd/
100908,West Hardin County CISD,/districts/west-hardin-county-cisd/
101803,West Houston Charter School,/districts/west-houston-charter-school/
161916,West ISD,/districts/west-isd/
181906,West Orange-Cove CISD,/districts/west-orange-cove-cisd/
178915,West Oso ISD,/districts/west-oso-isd/
201914,West Rusk ISD,/districts/west-rusk-isd/
202905,West Sabine ISD,/districts/west-sabine-isd/
168903,Westbrook ISD,/districts/westbrook-isd/
062905,Westhoff ISD,/districts/westhoff-isd/
220810,Westlake Academy Charter School,/districts/westlake-academy-charter-school/
073904,Westphalia ISD,/districts/westphalia-isd/
001908,Westwood ISD,/districts/westwood-isd/
241904,Wharton ISD,/districts/wharton-isd/
242903,Wheeler ISD,/districts/wheeler-isd/
033904,White Deer ISD,/districts/white-deer-isd/
092908,White Oak ISD,/districts/white-oak-isd/
220920,White Settlement ISD,/districts/white-settlement-isd/
040902,Whiteface CISD,/districts/whiteface-cisd/
212906,Whitehouse ISD,/districts/whitehouse-isd/
091909,Whitesboro ISD,/districts/whitesboro-isd/
091910,Whitewright ISD,/districts/whitewright-isd/
110908,Whitharral ISD,/districts/whitharral-isd/
109911,Whitney ISD,/districts/whitney-isd/
243905,Wichita Falls ISD,/districts/wichita-falls-isd/
180904,Wildorado ISD,/districts/wildorado-isd/
170904,Willis ISD,/districts/willis-isd/
234907,Wills Point ISD,/districts/wills-point-isd/
153907,Wilson ISD,/districts/wilson-isd/
105905,Wimberley ISD,/districts/wimberley-isd/
005904,Windthorst ISD,/districts/windthorst-isd/
225905,Winfield ISD,/districts/winfield-isd/
057828,Winfree Academy Charter Schools,/districts/winfree-academy-charter-schools/
248902,Wink-Loving ISD,/districts/wink-loving-isd/
250907,Winnsboro ISD,/districts/winnsboro-isd/
212910,Winona ISD,/districts/winona-isd/
200904,Winters ISD,/districts/winters-isd/
174906,Woden ISD,/districts/woden-isd/
116909,Wolfe City ISD,/districts/wolfe-city-isd/
196902,Woodsboro ISD,/districts/woodsboro-isd/
224902,Woodson ISD,/districts/woodson-isd/
229903,Woodville ISD,/districts/woodville-isd/
081905,Wortham ISD,/districts/wortham-isd/
221912,Wylie ISD,/districts/wylie-isd-taylor/
043914,Wylie ISD,/districts/wylie-isd-collin/
250905,Yantis ISD,/districts/yantis-isd/
101845,Yes Preparatory Public Schools,/districts/yes-preparatory-public-schools/
062903,Yoakum ISD,/districts/yoakum-isd/
062904,Yorktown ISD,/districts/yorktown-isd/
071905,Ysleta ISD,/districts/ysleta-isd/
253901,Zapata County ISD,/districts/zapata-county-isd/
003906,Zavalla ISD,/districts/zavalla-isd/
025906,Zephyr ISD,/districts/zephyr-isd/
101850,Zoe Learning Academy,/districts/zoe-learning-academy/
